window_index,window_start,y_window,recon_mse,NOTE
0,0,0,4.09527,
1,96,0,4.59228,
2,192,0,5.27720,
3,288,0,5.68328,
4,384,0,5.54525,
5,480,0,5.03060,
6,576,0,4.36922,
7,672,0,3.87297,
8,768,0,3.35816,
9,864,0,3.44252,
10,960,0,3.78101,
11,1056,0,4.150052576,
12,1152,0,4.243490424,
13,1248,0,4.019545547,
14,1344,0,3.482645458,
15,1440,0,2.944646499,
16,1536,0,3.037094079,
17,1632,0,3.354565956,
18,1728,0,3.668024288,
19,1824,0,4.172755039,
20,1920,1,3.855639677,
21,2016,1,3.89052358,
22,2112,1,4.511705307,
23,2208,1,4.039843933,
24,2304,1,3.06993838,
25,2400,1,2.70716877,
26,2496,0,2.980377484,
27,2592,0,3.323532223,
28,2688,0,3.044826005,
29,2784,0,2.688992742,
30,2880,0,2.414201413,
31,2976,0,2.446451314,
32,3072,0,2.583875007,
33,3168,0,2.616442293,
34,3264,0,2.852384979,
35,3360,0,2.865548787,
36,3456,0,2.00824814,
37,3552,0,1.482544394,
38,3648,0,1.518479917,
39,3744,0,1.959385232,
40,3840,0,2.121731845,
41,3936,0,2.190617211,
42,4032,0,2.414725436,
43,4128,0,2.363620115,
44,4224,0,1.711358002,
45,4320,0,1.286722325,
46,4416,1,2.151929017,
47,4512,1,4.347457298,
48,4608,1,5.454344567,
49,4704,1,4.228134865,
50,4800,1,2.577733541,
51,4896,1,2.147004786,
52,4992,1,1.217375056,
53,5088,1,0.827038106,
54,5184,0,1.005965381,
55,5280,0,1.186412242,
56,5376,0,1.474855292,
57,5472,0,1.773241387,
58,5568,0,1.545776757,
59,5664,0,1.042052617,
60,5760,0,0.766036307,
61,5856,0,0.610754925,
62,5952,0,0.71977605,
63,6048,0,1.003949248,
64,6144,0,1.01514521,
65,6240,0,0.937014865,
66,6336,0,0.821665085,
67,6432,0,0.76784323,
68,6528,0,0.671318787,
69,6624,0,0.638455292,
70,6720,0,0.94547325,
71,6816,0,1.479523063,
72,6912,0,0.99695239,
73,7008,0,0.528914364,
74,7104,0,0.464195832,
75,7200,0,0.559352941,
76,7296,0,0.531192483,
77,7392,0,0.598793135,
78,7488,0,0.933077733,
79,7584,0,1.152244706,
80,7680,0,0.545943969,
81,7776,0,0.346231705,
82,7872,0,0.410414086,
83,7968,0,0.371478141,
84,8064,1,1.139383221,
85,8160,1,2.381074685,
86,8256,1,0.825831287,
87,8352,1,1.871508311,
88,8448,1,0.774528198,
89,8544,1,0.285132767,
90,8640,1,0.910568153,
91,8736,1,1.48287919,
92,8832,1,0.869506138,
93,8928,1,0.712421103,
94,9024,0,1.20570161,
95,9120,0,0.818860147,
96,9216,0,0.282184749,
97,9312,0,0.177331743,
98,9408,0,0.317229507,
99,9504,0,0.427224575,
100,9600,0,0.302894312,
101,9696,0,0.201447924,
102,9792,0,0.360966934,
103,9888,0,0.532289709,
104,9984,0,0.429102107,
105,10080,0,0.227188479,
106,10176,0,0.212783748,
107,10272,0,0.388258972,
108,10368,0,0.487873715,
109,10464,0,0.338614827,
110,10560,0,0.28414747,
111,10656,0,0.36305076,
112,10752,1,0.550965501,
113,10848,1,0.71603087,
114,10944,1,0.798261464,
115,11040,1,0.55191605,
116,11136,1,0.546412461,
117,11232,0,0.703503736,
118,11328,0,0.646854324,
119,11424,0,0.454138995,
120,11520,0,0.35525276,
121,11616,0,0.492201613,
122,11712,0,0.604320006,
123,11808,0,0.580503693,
124,11904,0,0.606057013,
125,12000,0,0.631036341,
126,12096,0,0.546141219,
127,12192,0,0.475747417,
128,12288,0,0.450802173,
129,12384,0,0.50038163,
130,12480,0,0.603856772,
131,12576,0,0.652240766,
132,12672,0,0.827097964,
133,12768,0,0.954629549,
134,12864,0,0.916510545,
135,12960,0,0.687576299,
136,13056,0,0.534844847,
137,13152,0,0.605458692,
138,13248,0,0.751873317,
139,13344,0,1.023784416,
140,13440,0,0.959894394,
141,13536,0,0.964451797,
142,13632,0,0.85775379,
143,13728,0,0.806111676,
144,13824,0,0.934998989,
145,13920,0,0.958384834,
146,14016,0,0.882508442,
147,14112,0,1.022354962,
148,14208,0,1.180782962,
149,14304,0,1.287193944,
150,14400,0,1.116687095,
151,14496,1,1.290435835,
152,14592,1,1.95745887,
153,14688,1,1.908603135,
154,14784,1,1.452942907,
155,14880,0,1.220766206,
156,14976,0,1.32829079,
157,15072,0,1.363389768,
158,15168,0,1.405020466,
159,15264,0,1.394166139,
160,15360,0,1.356554017,
161,15456,0,1.465761113,
162,15552,0,1.604358147,
163,15648,0,1.626034132,
164,15744,0,1.547048585,
165,15840,0,1.46358721,
166,15936,0,1.590454434,
167,16032,0,1.720812838,
168,16128,0,1.672601221,
169,16224,0,1.733660611,
170,16320,0,1.846288345,
171,16416,0,1.997367845,
172,16512,0,1.895009784,
173,16608,0,1.761742501,
174,16704,0,1.797067278,
175,16800,0,1.938849953,
176,16896,0,2.030847209,
177,16992,0,2.102350357,
178,17088,0,2.326520984,
179,17184,0,2.376316995,
180,17280,0,2.081661583,
181,17376,0,1.975341429,
182,17472,0,2.129973398,
183,17568,1,3.441663187,
184,17664,1,6.40899258,
185,17760,1,5.96649872,
186,17856,1,4.320136814,
187,17952,1,2.927033384,
188,18048,1,2.540945924,
189,18144,0,2.304730875,
190,18240,0,2.467031362,
191,18336,0,2.681921161,
192,18432,0,2.774183241,
193,18528,0,2.946973981,
194,18624,0,3.131883046,
195,18720,0,3.283563517,
196,18816,1,3.174944877,
197,18912,1,3.411234797,
198,19008,1,3.662370731,
199,19104,1,3.443265958,
200,19200,1,3.176812067,
201,19296,0,3.283844922,
202,19392,0,3.334620379,
203,19488,0,3.527750184,
204,19584,0,3.548965359,
205,19680,0,3.382652532,
206,19776,0,3.253438844,
207,19872,0,3.441860829,
208,19968,0,3.85635773,
209,20064,0,4.099004628,
210,20160,0,3.993505547,
211,20256,0,3.820002254,
212,20352,0,3.815284488,
213,20448,1,3.85141221,
214,20544,1,4.843559472,
215,20640,1,4.917741041,
216,20736,1,4.560359502,
217,20832,0,4.316375035,
218,20928,0,4.361271357,
219,21024,0,4.397958387,
220,21120,0,4.412511582,
221,21216,0,4.391460349,
222,21312,1,5.461833418,
223,21408,1,6.701525881,
224,21504,1,6.812490584,
225,21600,1,5.957434784,
226,21696,0,4.84040887,
227,21792,0,4.558909914,
228,21888,0,4.456638301,
229,21984,0,4.566112673,
230,22080,1,4.866388624,
231,22176,1,5.772808996,
232,22272,1,5.631482499,
233,22368,1,7.240143585,
234,22464,1,7.000398815,
235,22560,0,5.528222789,
236,22656,0,5.312219411,
237,22752,0,5.257659019,
238,22848,0,5.556939467,
239,22944,0,6.017292473,
240,23040,0,5.981621346,
241,23136,0,5.892467457,
242,23232,0,5.699089135,
243,23328,0,5.729511012,
244,23424,0,5.778371844,
245,23520,0,5.777597985,
246,23616,0,6.117283534,
247,23712,0,6.598528104,
