window_index,window_start,y_window,z1,z2,z3,z4,z5,z6,z7,z8,NOTE
0,0,0,1.981,0.000,0.000,0.303,1.377,3.885,0.000,0.554,
1,96,0,2.148,0.000,0.093,0.000,0.658,4.529,0.000,0.983,
2,192,0,2.098,0.000,0.402,0.000,0.286,5.127,0.000,1.256,
3,288,0,2.377,0.000,0.115,0.000,0.202,5.320,0.000,1.361,
4,384,0,2.556,0.000,0.000,0.000,0.745,5.062,0.000,1.427,
5,480,0,2.233,0.000,0.000,0.000,1.510,4.647,0.000,1.280,
6,576,0,1.667,0.000,0.000,0.914,2.034,3.898,0.000,0.775,
7,672,0,1.275,0.000,0.000,1.289,2.119,3.298,0.000,0.156,
8,768,0,1.481,0.000,0.000,0.883,1.675,3.069,0.000,0.000,
9,864,0,2.003,0.000,0.000,0.327,1.174,3.355,0.000,0.244,
10,960,0,2.165,0.000,0.132,0.000,0.806,3.893,0.000,0.656,
11,1056,0,2.464,0.000,0.000,0.000,0.618,4.274,0.000,1.087,
12,1152,0,2.563,0.000,0.000,0.000,0.716,4.246,0.000,1.374,
13,1248,0,2.159,0.000,0.000,0.000,1.071,4.129,0.000,1.329,
14,1344,0,1.598,0.000,0.000,0.237,1.240,3.735,0.000,0.927,
15,1440,0,1.390,0.000,0.000,0.380,1.149,3.257,0.000,0.429,
16,1536,0,1.295,0.000,0.469,0.225,1.151,3.306,0.000,0.233,
17,1632,0,1.857,0.000,0.509,0.000,0.960,3.627,0.000,0.569,
18,1728,0,2.423,0.000,0.000,0.000,0.553,4.005,0.000,0.879,
19,1824,0,2.881,0.000,0.000,0.000,0.618,4.320,0.000,1.457,
20,1920,1,2.426,0.000,0.000,0.000,0.260,4.352,0.000,1.298,
21,2016,1,0.931,0.000,0.000,0.666,0.254,3.591,0.228,0.064,
22,2112,1,0.252,0.000,0.000,0.719,0.000,2.919,0.969,0.000,
23,2208,1,0.000,0.000,0.000,0.704,0.193,2.568,1.148,0.000,
24,2304,1,0.000,0.000,0.000,0.780,0.899,2.503,0.448,0.000,
25,2400,1,1.288,0.000,0.000,0.000,1.270,2.655,0.424,0.000,
26,2496,0,2.277,0.000,0.038,0.000,0.883,3.233,0.262,0.443,
27,2592,0,3.002,0.000,0.000,0.000,0.595,3.600,0.200,1.057,
28,2688,0,2.858,0.000,0.000,0.000,0.533,3.368,0.000,1.419,
29,2784,0,2.238,0.000,0.000,0.000,0.301,3.081,0.000,1.368,
30,2880,0,1.475,0.000,0.000,0.000,0.116,2.930,0.000,0.944,
31,2976,0,0.758,0.000,0.195,0.297,0.530,3.170,0.000,0.529,
32,3072,0,0.655,0.000,0.836,0.054,0.892,3.341,0.000,0.329,
33,3168,0,1.319,0.000,0.763,0.000,0.994,3.502,0.000,0.594,
34,3264,0,2.322,0.000,0.472,0.000,1.258,3.512,0.019,1.161,
35,3360,0,2.803,0.000,0.000,0.000,1.240,3.217,0.192,1.592,
36,3456,0,2.415,0.000,0.000,0.048,0.643,2.316,0.000,1.233,
37,3552,0,1.499,0.000,0.000,0.395,0.072,1.790,0.000,0.648,
38,3648,0,0.526,0.000,0.000,0.802,0.147,2.127,0.000,0.180,
39,3744,0,0.051,0.000,0.756,0.728,0.505,2.680,0.000,0.047,
40,3840,0,0.229,0.000,1.061,0.000,0.728,2.999,0.000,0.040,
41,3936,0,1.015,0.288,0.978,0.000,0.870,3.327,0.000,0.427,
42,4032,0,2.175,0.094,0.643,0.000,0.910,3.421,0.166,0.979,
43,4128,0,2.841,0.000,0.000,0.000,0.756,2.999,0.270,1.433,
44,4224,0,2.537,0.000,0.000,0.000,0.326,2.033,0.000,1.165,
45,4320,0,1.779,0.000,0.000,0.132,0.000,1.302,0.000,0.685,
46,4416,1,0.000,0.000,0.042,1.277,1.154,1.179,0.000,0.445,
47,4512,1,0.000,0.000,0.934,1.402,1.987,1.782,0.341,0.464,
48,4608,1,0.000,0.000,1.726,1.114,2.562,2.544,0.337,0.670,
49,4704,1,0.000,0.000,1.386,0.538,1.801,3.307,0.662,0.438,
50,4800,1,0.000,0.718,0.606,0.251,0.411,3.125,0.268,0.000,
51,4896,1,0.179,0.888,0.000,0.151,0.000,2.183,0.214,0.000,
52,4992,1,0.581,0.000,0.000,0.323,0.000,1.346,0.081,0.000,
53,5088,1,0.662,0.000,0.000,0.607,0.000,1.153,0.000,0.000,
54,5184,0,1.040,0.000,0.000,0.509,0.000,1.472,0.000,0.000,
55,5280,0,0.939,0.000,0.000,0.226,0.000,2.037,0.047,0.000,
56,5376,0,1.080,0.428,0.258,0.000,0.327,2.701,0.000,0.441,
57,5472,0,1.525,0.590,0.741,0.000,0.599,3.132,0.000,1.196,
58,5568,0,1.651,0.333,0.735,0.000,0.532,2.862,0.000,1.475,
59,5664,0,1.411,0.000,0.196,0.000,0.178,1.881,0.000,1.330,
60,5760,0,1.101,0.000,0.000,0.000,0.047,0.846,0.000,0.992,
61,5856,0,0.830,0.000,0.000,0.089,0.000,0.659,0.000,0.503,
62,5952,0,0.714,0.000,0.000,0.307,0.000,1.205,0.000,0.003,
63,6048,0,0.705,0.000,0.000,0.307,0.000,1.809,0.097,0.000,
64,6144,0,0.485,0.349,0.000,0.187,0.000,2.066,0.000,0.000,
65,6240,0,0.530,0.807,0.706,0.127,0.265,1.983,0.000,0.287,
66,6336,0,0.655,0.809,1.013,0.000,0.254,1.779,0.000,0.571,
67,6432,0,0.692,0.099,1.145,0.000,0.328,1.418,0.000,0.827,
68,6528,0,0.958,0.000,0.840,0.000,0.231,1.153,0.000,0.973,
69,6624,0,1.168,0.000,0.654,0.000,0.131,1.201,0.000,0.789,
70,6720,0,1.319,0.000,0.196,0.000,0.086,1.513,0.973,0.488,
71,6816,0,1.604,0.000,0.000,0.000,0.153,1.855,1.404,0.628,
72,6912,0,1.653,0.101,0.000,0.160,0.000,1.593,0.602,0.638,
73,7008,0,1.434,0.325,0.000,0.390,0.000,0.775,0.000,0.534,
74,7104,0,0.837,0.146,0.000,0.501,0.000,0.248,0.000,0.524,
75,7200,0,0.314,0.000,0.320,0.432,0.000,0.323,0.000,0.752,
76,7296,0,0.361,0.000,0.782,0.000,0.067,0.692,0.000,0.959,
77,7392,0,0.458,0.000,0.961,0.000,0.031,1.314,0.000,0.685,
78,7488,0,0.164,0.000,0.893,0.000,0.000,1.893,0.699,0.348,
79,7584,0,0.174,0.067,0.594,0.000,0.000,2.075,1.301,0.226,
80,7680,0,0.660,0.454,0.238,0.000,0.000,1.352,0.556,0.120,
81,7776,0,1.029,0.784,0.000,0.427,0.000,0.386,0.000,0.032,
82,7872,0,1.064,0.852,0.000,0.577,0.000,0.068,0.000,0.166,
83,7968,0,0.857,0.501,0.000,0.428,0.000,0.041,0.000,0.365,
84,8064,1,1.454,0.652,0.263,1.428,1.420,0.496,0.000,0.793,
85,8160,1,1.772,0.582,0.817,1.429,2.093,1.192,0.834,1.270,
86,8256,1,0.381,0.000,1.364,0.000,0.135,1.247,1.030,1.059,
87,8352,1,0.000,0.000,2.087,0.000,0.229,0.853,0.919,0.742,
88,8448,1,0.000,0.000,1.458,0.000,0.000,0.265,0.133,0.426,
89,8544,1,0.000,0.000,0.000,0.893,0.000,0.000,0.000,0.000,
90,8640,1,0.000,0.116,0.000,1.742,0.000,0.000,0.000,0.000,
91,8736,1,0.000,0.805,0.000,1.471,0.000,0.000,0.000,0.000,
92,8832,1,0.000,1.136,0.000,0.523,0.000,0.625,0.000,0.000,
93,8928,1,0.000,1.080,0.909,0.000,0.000,1.596,0.317,0.000,
94,9024,0,0.148,0.488,1.645,0.000,0.069,2.103,1.143,1.075,
95,9120,0,0.000,0.423,1.400,0.000,0.000,1.459,1.068,0.682,
96,9216,0,0.105,0.126,1.010,0.000,0.000,0.305,0.291,0.461,
97,9312,0,0.580,0.015,0.308,0.000,0.000,0.000,0.000,0.579,
98,9408,0,0.906,0.243,0.000,0.524,0.000,0.000,0.000,0.292,
99,9504,0,1.188,0.755,0.000,0.757,0.000,0.000,0.000,0.200,
100,9600,0,1.326,0.948,0.000,0.426,0.000,0.000,0.000,0.481,
101,9696,0,0.827,0.822,0.206,0.000,0.000,0.250,0.153,0.430,
102,9792,0,0.000,0.434,0.607,0.000,0.000,0.419,0.596,0.084,
103,9888,0,0.000,0.079,1.075,0.000,0.000,0.341,0.539,0.032,
104,9984,0,0.000,0.032,1.334,0.000,0.000,0.143,0.015,0.270,
105,10080,0,0.000,0.198,0.934,0.000,0.000,0.000,0.000,0.372,
106,10176,0,0.414,0.830,0.263,0.128,0.000,0.000,0.000,0.396,
107,10272,0,0.993,1.644,0.335,0.465,0.000,0.000,0.000,0.554,
108,10368,0,1.174,1.891,0.535,0.301,0.000,0.211,0.000,0.733,
109,10464,0,0.568,1.657,0.652,0.000,0.000,0.137,0.000,0.427,
110,10560,0,0.000,1.168,0.835,0.000,0.000,0.000,0.113,0.109,
111,10656,0,0.000,0.307,1.195,0.000,0.000,0.000,0.221,0.393,
112,10752,1,0.000,0.000,1.331,0.000,0.000,0.000,0.332,0.453,
113,10848,1,0.000,0.000,0.612,0.000,0.000,0.000,0.164,0.369,
114,10944,1,0.000,0.562,0.000,0.000,0.000,0.000,0.075,0.234,
115,11040,1,0.063,1.359,0.000,0.000,0.000,0.000,0.000,0.260,
116,11136,1,0.503,1.916,0.000,0.000,0.000,0.000,0.000,0.026,
117,11232,0,0.080,1.833,0.000,0.179,0.000,0.000,0.104,0.000,
118,11328,0,0.000,1.272,0.000,0.199,0.000,0.000,0.389,0.000,
119,11424,0,0.000,0.741,0.377,0.109,0.000,0.000,0.164,0.000,
120,11520,0,0.000,0.432,0.661,0.000,0.000,0.000,0.079,0.216,
121,11616,0,0.119,0.340,0.929,0.000,0.000,0.000,0.021,1.051,
122,11712,0,0.758,0.909,1.259,0.000,0.000,0.152,0.000,1.693,
123,11808,0,0.519,1.740,1.472,0.000,0.000,0.095,0.000,1.223,
124,11904,0,0.003,2.132,1.325,0.000,0.000,0.000,0.000,0.432,
125,12000,0,0.000,2.002,1.042,0.000,0.000,0.000,0.000,0.000,
126,12096,0,0.000,1.153,0.712,0.481,0.000,0.000,0.000,0.000,
127,12192,0,0.000,0.120,0.146,0.554,0.000,0.000,0.098,0.000,
128,12288,0,0.000,0.000,0.000,0.000,0.000,0.000,0.403,0.040,
129,12384,0,0.185,0.137,0.485,0.000,0.000,0.000,0.628,0.788,
130,12480,0,0.432,0.677,1.259,0.000,0.000,0.000,0.534,1.162,
131,12576,0,0.190,1.701,1.662,0.000,0.000,0.000,0.066,0.962,
132,12672,0,0.000,2.327,1.468,0.000,0.000,0.000,0.000,0.214,
133,12768,0,0.000,2.343,0.901,0.000,0.000,0.000,0.000,0.000,
134,12864,0,0.000,2.033,0.281,0.469,0.000,0.000,0.000,0.000,
135,12960,0,0.000,1.301,0.000,0.633,0.000,0.000,0.000,0.000,
136,13056,0,0.029,0.551,0.000,0.301,0.000,0.000,0.107,0.278,
137,13152,0,0.420,0.508,0.272,0.000,0.000,0.000,0.182,1.041,
138,13248,0,0.489,1.223,1.013,0.000,0.000,0.000,0.000,1.147,
139,13344,0,0.000,1.823,1.858,0.000,0.000,0.000,0.000,0.874,
140,13440,0,0.000,1.881,2.331,0.000,0.000,0.000,0.000,0.544,
141,13536,0,0.000,1.802,2.252,0.000,0.000,0.000,0.000,0.120,
142,13632,0,0.000,1.605,1.035,0.224,0.000,0.000,0.000,0.000,
143,13728,0,0.000,1.010,0.000,0.571,0.000,0.000,0.381,0.000,
144,13824,0,0.091,0.591,0.000,0.535,0.000,0.000,1.102,0.218,
145,13920,0,0.637,0.865,0.000,0.077,0.000,0.000,1.111,0.585,
146,14016,0,0.477,1.497,0.600,0.000,0.000,0.000,0.686,0.498,
147,14112,0,0.000,2.064,1.334,0.000,0.000,0.000,0.201,0.348,
148,14208,0,0.000,2.423,2.089,0.000,0.000,0.000,0.000,0.147,
149,14304,0,0.000,2.402,2.146,0.000,0.000,0.000,0.000,0.000,
150,14400,0,0.000,1.930,0.807,0.000,0.000,0.000,0.000,0.000,
151,14496,1,0.000,0.873,0.000,0.000,0.000,0.000,0.698,0.215,
152,14592,1,0.699,0.615,0.000,0.000,0.000,0.000,1.687,0.572,
153,14688,1,0.812,0.747,0.000,0.000,0.000,0.000,1.908,0.512,
154,14784,1,0.290,0.993,0.000,0.000,0.000,0.000,1.443,0.281,
155,14880,0,0.000,1.895,1.525,0.000,0.000,0.000,0.420,0.299,
156,14976,0,0.000,2.161,1.930,0.000,0.000,0.000,0.617,0.181,
157,15072,0,0.000,2.103,2.032,0.000,0.000,0.000,0.447,0.136,
158,15168,0,0.000,1.740,1.573,0.000,0.000,0.000,0.382,0.149,
159,15264,0,0.000,1.408,0.881,0.291,0.000,0.000,0.347,0.340,
160,15360,0,0.000,1.470,0.189,0.168,0.000,0.000,0.090,0.317,
161,15456,0,0.000,1.818,0.000,0.000,0.000,0.000,0.000,0.025,
162,15552,0,0.072,2.050,0.402,0.000,0.000,0.000,0.000,0.019,
163,15648,0,0.000,2.259,0.967,0.000,0.000,0.000,0.039,0.065,
164,15744,0,0.000,2.516,1.268,0.000,0.000,0.000,0.000,0.000,
165,15840,0,0.000,2.271,1.470,0.000,0.000,0.000,0.000,0.086,
166,15936,0,0.000,1.813,1.405,0.000,0.000,0.000,0.000,0.244,
167,16032,0,0.000,1.493,1.108,0.143,0.000,0.000,0.000,0.256,
168,16128,0,0.000,1.638,0.940,0.000,0.000,0.000,0.000,0.254,
169,16224,0,0.000,2.025,1.059,0.000,0.000,0.000,0.000,0.157,
170,16320,0,0.000,2.338,1.221,0.000,0.000,0.000,0.361,0.012,
171,16416,0,0.000,2.464,1.048,0.000,0.000,0.000,1.011,0.000,
172,16512,0,0.000,2.374,1.047,0.000,0.000,0.000,1.271,0.148,
173,16608,0,0.000,1.995,1.299,0.000,0.000,0.000,1.049,0.279,
174,16704,0,0.000,1.796,1.171,0.000,0.000,0.000,0.560,0.109,
175,16800,0,0.000,1.726,0.848,0.314,0.000,0.000,0.000,0.000,
176,16896,0,0.000,1.942,1.198,0.279,0.000,0.000,0.000,0.000,
177,16992,0,0.000,2.349,1.648,0.000,0.000,0.000,0.000,0.200,
178,17088,0,0.000,2.815,1.217,0.000,0.000,0.000,0.000,0.229,
179,17184,0,0.000,2.991,0.724,0.000,0.000,0.000,0.021,0.156,
180,17280,0,0.265,2.655,0.809,0.000,0.000,0.000,0.480,0.583,
181,17376,0,0.000,1.990,0.915,0.000,0.000,0.000,0.812,0.613,
182,17472,0,0.000,1.435,1.581,0.279,0.000,0.000,1.094,0.338,
183,17568,1,0.000,0.696,1.815,1.148,0.000,0.000,1.864,1.063,
184,17664,1,0.168,0.556,3.349,0.683,1.218,0.000,3.049,1.999,
185,17760,1,0.689,1.468,3.279,0.112,0.757,0.000,2.877,2.227,
186,17856,1,0.504,2.462,2.776,0.000,0.000,0.000,2.112,1.844,
187,17952,1,0.000,3.023,2.688,0.000,0.000,0.000,1.078,1.089,
188,18048,1,0.000,2.845,1.445,0.000,0.000,0.000,0.460,0.694,
189,18144,0,0.000,1.937,0.213,0.000,0.000,0.000,0.403,0.264,
190,18240,0,0.000,1.708,0.068,0.542,0.000,0.000,0.090,0.000,
191,18336,0,0.000,1.918,0.787,0.986,0.000,0.000,0.000,0.000,
192,18432,0,0.000,2.554,1.672,0.593,0.000,0.000,0.000,0.000,
193,18528,0,0.000,3.305,1.908,0.000,0.000,0.000,0.000,0.000,
194,18624,0,0.000,3.481,1.768,0.000,0.000,0.000,0.153,0.409,
195,18720,0,0.000,3.384,1.575,0.000,0.000,0.000,0.357,1.187,
196,18816,1,0.098,3.336,1.018,0.000,0.000,0.000,0.894,0.878,
197,18912,1,0.000,3.011,0.216,0.000,0.000,0.000,1.014,0.000,
198,19008,1,0.000,2.664,0.105,0.120,0.000,0.000,1.095,0.000,
199,19104,1,0.000,2.433,1.059,0.487,0.000,0.000,0.926,0.000,
200,19200,1,0.000,2.603,1.854,0.144,0.000,0.000,0.617,0.000,
201,19296,0,0.000,3.161,2.031,0.000,0.000,0.000,0.620,0.000,
202,19392,0,0.000,3.399,1.947,0.000,0.000,0.000,0.518,0.286,
203,19488,0,0.000,3.280,1.357,0.000,0.000,0.000,0.101,0.884,
204,19584,0,0.000,2.868,0.717,0.000,0.000,0.000,0.000,0.803,
205,19680,0,0.000,2.419,0.360,0.000,0.000,0.000,0.000,0.388,
206,19776,0,0.000,2.238,0.505,0.284,0.000,0.000,0.000,0.000,
207,19872,0,0.000,2.796,0.961,0.612,0.000,0.000,0.000,0.000,
208,19968,0,0.000,3.510,1.297,0.218,0.000,0.000,0.646,0.000,
209,20064,0,0.000,3.630,1.676,0.000,0.000,0.000,1.395,0.000,
210,20160,0,0.000,3.539,1.956,0.000,0.000,0.000,1.370,0.329,
211,20256,0,0.000,3.315,1.809,0.000,0.000,0.000,0.662,0.718,
212,20352,0,0.000,2.691,1.277,0.000,0.000,0.000,0.158,0.539,
213,20448,1,0.000,1.422,0.887,0.881,0.000,0.000,0.900,0.603,
214,20544,1,0.000,0.954,1.189,1.890,0.000,0.000,1.289,0.631,
215,20640,1,0.000,1.552,1.583,1.949,0.000,0.000,1.593,0.190,
216,20736,1,0.000,2.637,1.621,1.225,0.000,0.000,1.979,0.000,
217,20832,0,0.000,3.825,1.992,0.000,0.000,0.000,0.864,0.000,
218,20928,0,0.000,3.706,1.721,0.000,0.000,0.000,0.856,0.093,
219,21024,0,0.000,3.642,1.197,0.000,0.000,0.000,0.333,0.212,
220,21120,0,0.000,3.149,0.700,0.000,0.000,0.000,0.000,0.243,
221,21216,0,0.000,2.635,0.672,0.000,0.000,0.000,0.000,0.062,
222,21312,1,0.000,3.505,0.137,0.000,0.000,0.000,0.742,0.000,
223,21408,1,0.000,4.031,0.000,0.063,0.000,0.000,1.426,0.000,
224,21504,1,0.000,3.694,0.035,0.443,0.000,0.000,2.057,0.000,
225,21600,1,0.000,3.529,0.816,0.000,0.000,0.000,2.136,0.000,
226,21696,0,0.000,3.540,1.861,0.000,0.000,0.000,0.913,0.000,
227,21792,0,0.000,2.826,1.489,0.000,0.000,0.000,0.530,0.000,
228,21888,0,0.000,2.314,1.453,0.000,0.000,0.000,0.164,0.253,
229,21984,0,0.000,2.276,1.262,0.000,0.000,0.000,0.000,0.197,
230,22080,1,0.000,2.420,1.234,0.000,0.000,0.000,0.000,0.000,
231,22176,1,0.000,2.570,1.913,0.054,0.000,0.000,0.059,0.000,
232,22272,1,0.000,3.690,2.483,0.000,0.000,0.000,0.560,0.000,
233,22368,1,0.000,4.819,1.070,0.000,0.000,0.000,2.013,0.000,
234,22464,1,0.000,4.832,0.661,0.000,0.000,0.000,1.498,0.000,
235,22560,0,0.000,3.790,1.264,0.000,0.000,0.000,0.063,0.000,
236,22656,0,0.000,3.087,0.940,0.000,0.000,0.000,0.264,0.000,
237,22752,0,0.000,3.075,0.888,0.000,0.000,0.000,0.518,0.000,
238,22848,0,0.000,3.418,1.104,0.000,0.000,0.000,0.895,0.000,
239,22944,0,0.000,3.706,1.241,0.000,0.000,0.000,1.251,0.000,
240,23040,0,0.000,3.860,1.856,0.000,0.000,0.000,0.842,0.000,
241,23136,0,0.000,4.007,2.279,0.000,0.000,0.000,0.048,0.000,
242,23232,0,0.000,3.579,2.392,0.000,0.000,0.000,0.000,0.000,
243,23328,0,0.000,3.169,1.709,0.000,0.000,0.000,0.000,0.035,
244,23424,0,0.000,2.940,1.138,0.000,0.000,0.000,0.522,0.082,
245,23520,0,0.000,3.198,1.214,0.000,0.000,0.000,0.963,0.231,
246,23616,0,0.000,3.616,1.805,0.000,0.000,0.000,1.385,0.351,
247,23712,0,0.000,4.069,1.800,0.000,0.000,0.000,1.438,0.000,
